{
  "positionEmbeddings": [
    [
      0.1,
      1.2,
      0.3,
      1.4
    ],
    [
      1.0414709848078965,
      0.6403023058681397,
      0.4099998333341667,
      1.2999500004166653
    ],
    [
      1.2092974268256818,
      0.0838531634528576,
      0.2199986666933331,
      1.0998000066665778
    ],
    [
      0.5411200080598673,
      -0.6899924966004454,
      0.12999550020249567,
      1.5995500337489874
    ],
    [
      -0.2568024953079282,
      0.046356379136388015,
      0.33998933418663413,
      1.1992001066609779
    ],
    [
      -0.3589242746631385,
      0.48366218546322626,
      0.8499791692706784,
      1.3987502603949662
    ],
    [
      0.4205845018010741,
      1.3601702866503662,
      0.5599640064794446,
      1.2982005399352041
    ],
    [
      1.456986598718789,
      1.3539022543433046,
      0.26994284733753277,
      1.8975510002532796
    ],
    [
      1.8893582466233818,
      0.15449996619138645,
      0.7799146939691727,
      1.4968017063026196
    ],
    [
      1.4121184852417565,
      -0.1111302618846769,
      0.6898785491980111,
      1.1959527330119943
    ]
  ],
  "attentionOutput": [
    [
      0.18618313904451284,
      -0.03999535230208175,
      0.4161211100491971,
      0.4911840526272841
    ],
    [
      0.18361208773290272,
      -0.046664331616555574,
      0.41871960656384744,
      0.49146901309937713
    ],
    [
      0.18115232096681372,
      -0.051243121568481056,
      0.4178274111636957,
      0.4921866086164735
    ],
    [
      0.17988156491539695,
      -0.051754569141772074,
      0.4140641191318515,
      0.4946719600624616
    ],
    [
      0.1812970434978327,
      -0.04485995201493276,
      0.4096645188370892,
      0.4962282511692651
    ],
    [
      0.1832307720729633,
      -0.04015313353246504,
      0.40937681738140713,
      0.497443580712097
    ],
    [
      0.186283077634169,
      -0.039895776057850024,
      0.4170184522809988,
      0.4915234932604523
    ],
    [
      0.18804359084838285,
      -0.04382746090636586,
      0.4260116929093476,
      0.48631041502221367
    ],
    [
      0.18214072361859812,
      -0.0511075907643886,
      0.42117356862530136,
      0.4925307268262866
    ],
    [
      0.1803949470204137,
      -0.05145198740825456,
      0.4169508569013908,
      0.4946318400744756
    ]
  ],
  "addNormOutput": [
    [
      -1.225147618495919,
      0.24704011178934102,
      -0.5008012852587835,
      1.4789087919653623
    ],
    [
      0.25429019760088045,
      -1.1375170968930655,
      -0.619359462011608,
      1.5025863613037935
    ],
    [
      0.7691803397313002,
      -1.4193242500910832,
      -0.44386443197181225,
      1.0940083423315956
    ],
    [
      0.06629572261216507,
      -1.3893865768327796,
      -0.10979144857134457,
      1.432882302791959
    ],
    [
      -0.9365354520572385,
      -0.8286231037533914,
      0.21986332086805604,
      1.5452952349425744
    ],
    [
      -1.3102504352456734,
      -0.5237424282385358,
      0.5125422930785419,
      1.3214505704056672
    ],
    [
      -1.2990281438281508,
      0.336595875686452,
      -0.4504678619396214,
      1.41290013008132
    ],
    [
      0.22373552004731267,
      -0.3260916591420514,
      -1.3341661980077073,
      1.4365223371024454
    ],
    [
      0.9226394799501141,
      -1.5642477627175035,
      -0.17720607233480526,
      0.8188143551021947
    ],
    [
      0.7259337984000434,
      -1.652519892134144,
      0.06774918966304544,
      0.8588369040710546
    ]
  ],
  "ffnOutput": [
    [
      0.02559842384553386,
      -0.020798017504021292,
      0.10023479397095082,
      0.01899722756396197
    ],
    [
      -0.008659453014096525,
      0.12520024926063913,
      0.0641053002430928,
      0.06827345899196681
    ],
    [
      0.016279302713504057,
      0.16400022352276727,
      -0.005864661355648986,
      0.1338702642182017
    ],
    [
      0.0287588032056006,
      0.14406710523140434,
      -0.004572413548648985,
      0.08810609667166905
    ],
    [
      0.005881627068551021,
      0.07711063990980116,
      0.04431982896483077,
      -0.025097746625281615
    ],
    [
      -0.01833257993837576,
      0.07361848138119569,
      0.07122021688899832,
      -0.044136082864193495
    ],
    [
      0.03333102434136364,
      -0.028869967991964833,
      0.09208479509239736,
      0.023423181235534465
    ],
    [
      -0.03831849289555637,
      0.021261306994045978,
      0.21336518746052138,
      0.012813464604825239
    ],
    [
      0.04607814154766941,
      0.16930911108654342,
      -0.04478430574802547,
      0.17330448842604906
    ],
    [
      0.06595860592106975,
      0.1658358024568634,
      -0.06016044291583257,
      0.177453983361821
    ]
  ],
  "ffnAddNormOutput": [
    [
      -1.2477644404796207,
      0.19796398479422214,
      -0.4376093956864765,
      1.487409851371875
    ],
    [
      0.1870478017366353,
      -1.0959142155636883,
      -0.6297627883375513,
      1.5386292021646044
    ],
    [
      0.7193547571566118,
      -1.3530218136266867,
      -0.5349556508386359,
      1.168622707308711
    ],
    [
      0.031480756900098286,
      -1.3312350511634894,
      -0.18142828810634445,
      1.4811825823697355
    ],
    [
      -0.9798790432806831,
      -0.7963029035127454,
      0.24453701612441384,
      1.5316449306690145
    ],
    [
      -1.3596920850497158,
      -0.4743855990132387,
      0.5675598018075607,
      1.266517882255394
    ],
    [
      -1.314801975179614,
      0.28183047362022273,
      -0.3941042145197843,
      1.4270757160791756
    ],
    [
      0.14287835213753525,
      -0.3832407301103069,
      -1.2589164645758866,
      1.499278842548658
    ],
    [
      0.8953322691130956,
      -1.5020394439858207,
      -0.3123601137461942,
      0.9190672886189191
    ],
    [
      0.7153582388169548,
      -1.5979418418562195,
      -0.080897545931454,
      0.9634811489707187
    ]
  ]
}